{"name":"CarTypeValues","identifier":"Y2XCYFPYLI","description":"Enumeration representing possible types of cars available for rental","slotTypeValues":[{"synonyms":null,"sampleValue":{"value":"economy"}},{"synonyms":null,"sampleValue":{"value":"standard"}},{"synonyms":null,"sampleValue":{"value":"midsize"}},{"synonyms":null,"sampleValue":{"value":"full size"}},{"synonyms":null,"sampleValue":{"value":"luxury"}},{"synonyms":null,"sampleValue":{"value":"minivan"}}],"parentSlotTypeSignature":null,"valueSelectionSetting":{"resolutionStrategy":"ORIGINAL_VALUE","regexFilter":null}}