{"name":"BookHotel","identifier":"LAZYCQX0ER","description":"Intent to book a hotel on StayBooker","parentIntentSignature":null,"sampleUtterances":[{"utterance":"Book a hotel"},{"utterance":"I want a make hotel reservations"},{"utterance":"Book a {Nights} night stay in {Location}"}],"intentConfirmationSetting":{"isActive":true,"promptSpecification":{"messageGroupsList":[{"message":{"ssmlMessage":null,"customPayload":null,"plainTextMessage":{"value":"Okay, I have you down for a {Nights} night stay in {Location} starting {CheckInDate}.  Shall I book the reservation?"},"imageResponseCard":null},"variations":null}],"maxRetries":2,"allowInterrupt":true},"declinationResponse":{"messageGroupsList":[{"message":{"ssmlMessage":null,"customPayload":null,"plainTextMessage":{"value":"Okay, I have cancelled your reservation in progress."},"imageResponseCard":null},"variations":null}],"allowInterrupt":true}},"intentClosingSetting":null,"inputContexts":null,"outputContexts":null,"kendraConfiguration":null,"dialogCodeHook":null,"fulfillmentCodeHook":null,"slotPriorities":[{"priority":1,"slotName":"Location"},{"priority":4,"slotName":"RoomType"},{"priority":2,"slotName":"CheckInDate"},{"priority":3,"slotName":"Nights"}]}