{"name":"Location","identifier":"HNSETV0YGS","description":"Location of the city in which the hotel is located","slotTypeName":"AMAZON.City","obfuscationSetting":null,"valueElicitationSetting":{"waitAndContinueSpecification":null,"promptSpecification":{"messageGroupsList":[{"message":{"ssmlMessage":null,"customPayload":null,"plainTextMessage":{"value":"What city will you be staying in?"},"imageResponseCard":null},"variations":null}],"maxRetries":2,"allowInterrupt":true},"slotConstraint":"Required","defaultValueSpecification":null,"sampleUtterances":null},"multipleValuesSetting":null}